Organism,Substrate,Actual kcat,Predicted kcat,Log10 Actual,Log10 Predicted
Streptomyces griseus,Catechol,11.999999999999995,24.067926391281244,1.0791812460476247,1.3814386745867255
Streptomyces griseus,3-amino-4-hydroxybenzaldehyde,13.999999999999991,4.074488759869355,1.1461280356782377,0.6100731240707338
Streptomyces griseus,2-Amino-p-cresol,17.99999999999999,1.1573714581430827,1.2552725051033058,0.06347276805361735
Streptomyces griseus,o-aminophenol,19.999999999999993,4.9477600125407495,1.301029995663981,0.6944086263336147
Ruegeria pomeroyi,dimethylsulfoniopropionate,2.4,3.2167629905802078,0.380211241711606,0.5074190634897642
